Salt,CAS_Number,Temperature_C,Mass_Saturated_Solution_g,Mass_Oxide_g,Solubility_g_per_100g_H2O_old_masses,Solubility_g_per_100g_H2O_new_masses,Solubility_mass_percent,Solubility_mol_per_kg,Solid_Phase,Reference,Journal,Year,Additional_Conditions
Sc(NO3)3,13465-60-6,0,,,,,56.37,5.595,Sc(NO3)3·4H2O,Pushkina; Komissarova,Zh. Neorg. Khim.,1963,
Sc(NO3)3,13465-60-6,15,,,,,61.30,6.857,Sc(NO3)3·4H2O,Pushkina; Komissarova,Zh. Neorg. Khim.,1963,
Sc(NO3)3,13465-60-6,25,,,,,62.37,7.176,Sc(NO3)3·4H2O,Pushkina; Komissarova,Zh. Neorg. Khim.,1963,
Sc(NO3)3,13465-60-6,30,,,,,64.28,7.791,Sc(NO3)3·4H2O,Pushkina; Komissarova,Zh. Neorg. Khim.,1963,
Sc(NO3)3,13465-60-6,40,,,,,66.99,8.787,Sc(NO3)3·4H2O,Pushkina; Komissarova,Zh. Neorg. Khim.,1963,
Sc(NO3)3,13465-60-6,50,,,,,67.63,9.045,Sc(NO3)3·4H2O,Pushkina; Komissarova,Zh. Neorg. Khim.,1963,
Y(NO3)3,10361-93-0,0,1.3078,0.2596,93.1,93.55,48.33,3.403,Y(NO3)3·6H2O,Crew; Steinert; Hopkins,J. Phys. Chem.,1925,
Y(NO3)3,10361-93-0,22.5,1.2234,0.2888,136,135.2,57.47,4.917,Y(NO3)3·6H2O,Crew; Steinert; Hopkins,J. Phys. Chem.,1925,
Y(NO3)3,10361-93-0,22.5,1.2721,0.2988,133,133.6,57.18,4.860,Y(NO3)3·6H2O,Crew; Steinert; Hopkins,J. Phys. Chem.,1925,
Y(NO3)3,10361-93-0,35,0.7403,0.1853,155,156.1,60.96,5.677,Y(NO3)3·6H2O,Crew; Steinert; Hopkins,J. Phys. Chem.,1925,
Y(NO3)3,10361-93-0,60.2,0.5738,0.1561,197,196.2,66.23,7.138,Y(NO3)3·6H2O,Crew; Steinert; Hopkins,J. Phys. Chem.,1925,
Y(NO3)3,10361-93-0,60.2,0.7974,0.2193,203.1,202.7,66.97,7.374,Y(NO3)3·6H2O,Crew; Steinert; Hopkins,J. Phys. Chem.,1925,
Y(NO3)3,10361-93-0,66.5,0.9248,0.2585,211,213.1,68.05,7.752,Y(NO3)3·6H2O,Crew; Steinert; Hopkins,J. Phys. Chem.,1925,
Y(NO3)3,10361-93-0,0,,,,,55.51,4.538,Y(NO3)3·6H2O,Moret,Thèse Univ. Lausanne,1963,
Y(NO3)3,10361-93-0,10,,,,,57.12,4.845,Y(NO3)3·6H2O,Moret,Thèse Univ. Lausanne,1963,
Y(NO3)3,10361-93-0,20,,,,,58.45,5.117,Y(NO3)3·6H2O,Moret,Thèse Univ. Lausanne,1963,
Y(NO3)3,10361-93-0,25,,,,,59.92,5.438,Y(NO3)3·6H2O,Moret,Thèse Univ. Lausanne,1963,
Y(NO3)3,10361-93-0,30,,,,,61.23,5.745,Y(NO3)3·6H2O,Moret,Thèse Univ. Lausanne,1963,
Y(NO3)3,10361-93-0,35,,,,,62.49,6.060,Y(NO3)3·6H2O,Moret,Thèse Univ. Lausanne,1963,
Y(NO3)3,10361-93-0,40,,,,,63.76,6.400,Y(NO3)3·5H2O,Moret,Thèse Univ. Lausanne,1963,
Y(NO3)3,10361-93-0,50,,,,,64.51,6.612,Y(NO3)3·5H2O,Moret,Thèse Univ. Lausanne,1963,
La(NO3)3,10099-59-9,0,,,,,50.03,3.081,α-La(NO3)3·6H2O,Friend,J. Chem. Soc.,1935,
La(NO3)3,10099-59-9,18.4,,,,,54.16,3.636,α-La(NO3)3·6H2O,Friend,J. Chem. Soc.,1935,
La(NO3)3,10099-59-9,21.2,,,,,55.03,3.766,α-La(NO3)3·6H2O,Friend,J. Chem. Soc.,1935,
La(NO3)3,10099-59-9,25.4,,,,,55.80,3.885,α-La(NO3)3·6H2O,Friend,J. Chem. Soc.,1935,
La(NO3)3,10099-59-9,35.4,,,,,59.12,4.451,α-La(NO3)3·6H2O,Friend,J. Chem. Soc.,1935,
La(NO3)3,10099-59-9,42.4,,,,,63.84,5.434,α-La(NO3)3·6H2O,Friend,J. Chem. Soc.,1935,
La(NO3)3,10099-59-9,44.2,,,,,65.13,5.748,α-La(NO3)3·6H2O,Friend,J. Chem. Soc.,1935,
La(NO3)3,10099-59-9,14.4,,,,,56.27,3.960,β-La(NO3)3·6H2O,Friend,J. Chem. Soc.,1935,
La(NO3)3,10099-59-9,15.2,,,,,56.94,4.070,β-La(NO3)3·6H2O,Friend,J. Chem. Soc.,1935,
La(NO3)3,10099-59-9,15.8,,,,,56.85,4.055,β-La(NO3)3·6H2O,Friend,J. Chem. Soc.,1935,
La(NO3)3,10099-59-9,16.0,,,,,56.74,4.037,β-La(NO3)3·6H2O,Friend,J. Chem. Soc.,1935,
La(NO3)3,10099-59-9,23.2,,,,,58.7,4.374,β-La(NO3)3·6H2O,Friend,J. Chem. Soc.,1935,
La(NO3)3,10099-59-9,29.6,,,,,60.08,4.632,β-La(NO3)3·6H2O,Friend,J. Chem. Soc.,1935,
La(NO3)3,10099-59-9,32.2,,,,,61.34,4.883,β-La(NO3)3·6H2O,Friend,J. Chem. Soc.,1935,
La(NO3)3,10099-59-9,40.0,,,,,62.71,5.176,β-La(NO3)3·6H2O,Friend,J. Chem. Soc.,1935,
La(NO3)3,10099-59-9,46.4,,,,,64.55,5.604,β-La(NO3)3·6H2O,Friend,J. Chem. Soc.,1935,
La(NO3)3,10099-59-9,49.4,,,,,65.17,5.759,β-La(NO3)3·6H2O,Friend,J. Chem. Soc.,1935,
La(NO3)3,10099-59-9,56.0,,,,,68.30,6.631,β-La(NO3)3·6H2O,Friend,J. Chem. Soc.,1935,
La(NO3)3,10099-59-9,64.5,,,,,75.04,9.253,β-La(NO3)3·6H2O,Friend,J. Chem. Soc.,1935,melting point
La(NO3)3,10099-59-9,0,,,,,54.99,3.760,La(NO3)3·6H2O,Brunisholz; Quinche; Kalo,Helv. Chim. Acta,1964,
La(NO3)3,10099-59-9,5,,,,,55.88,3.898,La(NO3)3·6H2O,Brunisholz; Quinche; Kalo,Helv. Chim. Acta,1964,
La(NO3)3,10099-59-9,10,,,,,57.09,4.095,La(NO3)3·6H2O,Brunisholz; Quinche; Kalo,Helv. Chim. Acta,1964,
La(NO3)3,10099-59-9,20,,,,,58.97,4.423,La(NO3)3·6H2O,Brunisholz; Quinche; Kalo,Helv. Chim. Acta,1964,
La(NO3)3,10099-59-9,25,,,,,59.98,4.613,La(NO3)3·6H2O,Brunisholz; Quinche; Kalo,Helv. Chim. Acta,1964,
La(NO3)3,10099-59-9,35,,,,,62.34,5.095,La(NO3)3·6H2O,Brunisholz; Quinche; Kalo,Helv. Chim. Acta,1964,
La(NO3)3,10099-59-9,50,,,,,66.29,6.052,La(NO3)3·6H2O,Brunisholz; Quinche; Kalo,Helv. Chim. Acta,1964,
La(NO3)3,10099-59-9,-0.3,,,,,8.6,0.29,ice,Mironov; Popov,Rev. Roum. Chim.,1966,
La(NO3)3,10099-59-9,-2.6,,,,,18.5,0.699,ice,Mironov; Popov,Rev. Roum. Chim.,1966,
La(NO3)3,10099-59-9,-4.9,,,,,23.3,0.935,ice,Mironov; Popov,Rev. Roum. Chim.,1966,
La(NO3)3,10099-59-9,-9.5,,,,,35.6,1.70,ice,Mironov; Popov,Rev. Roum. Chim.,1966,
La(NO3)3,10099-59-9,-12.8,,,,,40.2,2.07,ice,Mironov; Popov,Rev. Roum. Chim.,1966,
La(NO3)3,10099-59-9,-18.1,,,,,45.9,2.61,ice,Mironov; Popov,Rev. Roum. Chim.,1966,
La(NO3)3,10099-59-9,-22.9,,,,,48.9,2.95,ice,Mironov; Popov,Rev. Roum. Chim.,1966,
La(NO3)3,10099-59-9,-25.9,,,,,51.3,3.24,ice + La(NO3)3·6H2O,Mironov; Popov,Rev. Roum. Chim.,1966,
La(NO3)3,10099-59-9,-15.0,,,,,52.4,3.39,La(NO3)3·6H2O,Mironov; Popov,Rev. Roum. Chim.,1966,
La(NO3)3,10099-59-9,2.7,,,,,54.4,3.67,La(NO3)3·6H2O,Mironov; Popov,Rev. Roum. Chim.,1966,
La(NO3)3,10099-59-9,5.3,,,,,55.3,3.81,La(NO3)3·6H2O,Mironov; Popov,Rev. Roum. Chim.,1966,
La(NO3)3,10099-59-9,15.8,,,,,57.9,4.23,La(NO3)3·6H2O,Mironov; Popov,Rev. Roum. Chim.,1966,
La(NO3)3,10099-59-9,21.4,,,,,59.2,4.47,La(NO3)3·6H2O,Mironov; Popov,Rev. Roum. Chim.,1966,
La(NO3)3,10099-59-9,27.7,,,,,61.0,4.81,La(NO3)3·6H2O,Mironov; Popov,Rev. Roum. Chim.,1966,
La(NO3)3,10099-59-9,36.3,,,,,62.6,5.15,La(NO3)3·6H2O,Mironov; Popov,Rev. Roum. Chim.,1966,
La(NO3)3,10099-59-9,41.3,,,,,64.0,5.47,La(NO3)3·6H2O + La(NO3)3·5H2O,Mironov; Popov,Rev. Roum. Chim.,1966,
La(NO3)3,10099-59-9,48.6,,,,,65.3,5.79,La(NO3)3·5H2O + La(NO3)3·4H2O + La(NO3)3·3H2O,Mironov; Popov,Rev. Roum. Chim.,1966,
La(NO3)3,10099-59-9,52.7,,,,,66.5,6.11,La(NO3)3·5H2O + La(NO3)3·4H2O + La(NO3)3·3H2O,Mironov; Popov,Rev. Roum. Chim.,1966,
La(NO3)3,10099-59-9,55.4,,,,,67.6,6.42,La(NO3)3·5H2O + La(NO3)3·4H2O + La(NO3)3·3H2O,Mironov; Popov,Rev. Roum. Chim.,1966,
La(NO3)3,10099-59-9,60.9,,,,,70.2,7.25,La(NO3)3·5H2O + La(NO3)3·4H2O + La(NO3)3·3H2O,Mironov; Popov,Rev. Roum. Chim.,1966,
La(NO3)3,10099-59-9,69.9,,,,,73.4,8.49,La(NO3)3·5H2O + La(NO3)3·4H2O + La(NO3)3·3H2O,Mironov; Popov,Rev. Roum. Chim.,1966,
La(NO3)3,10099-59-9,79.9,,,,,76.6,10.07,La(NO3)3·5H2O + La(NO3)3·4H2O + La(NO3)3·3H2O,Mironov; Popov,Rev. Roum. Chim.,1966,
La(NO3)3,10099-59-9,98.4,,,,,78.8,11.44,La(NO3)3·5H2O + La(NO3)3·4H2O + La(NO3)3·3H2O,Mironov; Popov,Rev. Roum. Chim.,1966,
La(NO3)3,10099-59-9,122.0,,,,,79.9,12.23,La(NO3)3·5H2O + La(NO3)3·4H2O + La(NO3)3·3H2O,Mironov; Popov,Rev. Roum. Chim.,1966,
La(NO3)3,10099-59-9,25,,,,,62.5,5.13,La(NO3)3·5H2O,Popov; Mironov,Zh. Neorg. Khim.,1971,metastable
La(NO3)3,10099-59-9,25,,,,,,,4.610,La(NO3)3·6H2O,Spedding; Shiers; Rard,J. Chem. Eng. Data,1975,
Ce(NO3)3,10108-73-3,25,,,,,63.71,5.383,Ce(NO3)3·6H2O,Quill; Robey,J. Am. Chem. Soc.,1937,
Ce(NO3)3,10108-73-3,50,,,,,73.88,8.673,Ce(NO3)3·6H2O,Quill; Robey,J. Am. Chem. Soc.,1937,
Ce(NO3)3,10108-73-3,0,,,,,58.02,4.238,Ce(NO3)3·6H2O,Brunisholz; Quinche; Kalo,Helv. Chim. Acta,1964,
Ce(NO3)3,10108-73-3,10,,,,,59.83,4.567,Ce(NO3)3·6H2O,Brunisholz; Quinche; Kalo,Helv. Chim. Acta,1964,
Ce(NO3)3,10108-73-3,20,,,,,62.02,5.007,Ce(NO3)3·6H2O,Brunisholz; Quinche; Kalo,Helv. Chim. Acta,1964,
Ce(NO3)3,10108-73-3,35,,,,,65.62,5.852,Ce(NO3)3·6H2O,Brunisholz; Quinche; Kalo,Helv. Chim. Acta,1964,
Ce(NO3)3,10108-73-3,50,,,,,70.51,7.331,Ce(NO3)3·6H2O,Brunisholz; Quinche; Kalo,Helv. Chim. Acta,1964,
Ce(NO3)3,10108-73-3,-0.5,,,,,16.5,0.606,ice,Mironov; Popov,Rev. Roum. Chim.,1966,
Ce(NO3)3,10108-73-3,-2.4,,,,,23.1,0.921,ice,Mironov; Popov,Rev. Roum. Chim.,1966,
Ce(NO3)3,10108-73-3,-3.0,,,,,27.5,1.16,ice,Mironov; Popov,Rev. Roum. Chim.,1966,
Ce(NO3)3,10108-73-3,-10.0,,,,,36.5,1.76,ice,Mironov; Popov,Rev. Roum. Chim.,1966,
Ce(NO3)3,10108-73-3,-21.4,,,,,46.4,2.65,ice,Mironov; Popov,Rev. Roum. Chim.,1966,
Ce(NO3)3,10108-73-3,-28.2,,,,,51.8,3.30,ice,Mironov; Popov,Rev. Roum. Chim.,1966,
Ce(NO3)3,10108-73-3,-33.5,,,,,53.8,3.57,ice + Ce(NO3)3·6H2O,Mironov; Popov,Rev. Roum. Chim.,1966,
Ce(NO3)3,10108-73-3,-9.3,,,,,55.8,3.87,Ce(NO3)3·6H2O,Mironov; Popov,Rev. Roum. Chim.,1966,
Ce(NO3)3,10108-73-3,4.3,,,,,58.0,4.23,Ce(NO3)3·6H2O,Mironov; Popov,Rev. Roum. Chim.,1966,
Ce(NO3)3,10108-73-3,4.9,,,,,58.9,4.39,Ce(NO3)3·6H2O,Mironov; Popov,Rev. Roum. Chim.,1966,
Ce(NO3)3,10108-73-3,17.9,,,,,60.9,4.78,Ce(NO3)3·6H2O,Mironov; Popov,Rev. Roum. Chim.,1966,
Ce(NO3)3,10108-73-3,23.3,,,,,63.1,5.24,Ce(NO3)3·6H2O,Mironov; Popov,Rev. Roum. Chim.,1966,
Ce(NO3)3,10108-73-3,28.9,,,,,63.7,5.38,Ce(NO3)3·6H2O,Mironov; Popov,Rev. Roum. Chim.,1966,
Ce(NO3)3,10108-73-3,37.6,,,,,66.7,6.14,Ce(NO3)3·6H2O,Mironov; Popov,Rev. Roum. Chim.,1966,
Ce(NO3)3,10108-73-3,38.7,,,,,66.9,6.20,Ce(NO3)3·5H2O,Mironov; Popov,Rev. Roum. Chim.,1966,
Ce(NO3)3,10108-73-3,48.5,,,,,68.4,6.64,Ce(NO3)3·5H2O,Mironov; Popov,Rev. Roum. Chim.,1966,
Ce(NO3)3,10108-73-3,49.7,,,,,68.5,6.67,Ce(NO3)3·5H2O,Mironov; Popov,Rev. Roum. Chim.,1966,
Ce(NO3)3,10108-73-3,51.9,,,,,68.9,6.79,Ce(NO3)3·5H2O,Mironov; Popov,Rev. Roum. Chim.,1966,
Ce(NO3)3,10108-73-3,53.0,,,,,70.0,7.15,Ce(NO3)3·4H2O,Mironov; Popov,Rev. Roum. Chim.,1966,
Ce(NO3)3,10108-73-3,57.7,,,,,71.8,7.81,Ce(NO3)3·4H2O,Mironov; Popov,Rev. Roum. Chim.,1966,
Ce(NO3)3,10108-73-3,62.2,,,,,73.2,8.37,Ce(NO3)3·4H2O,Mironov; Popov,Rev. Roum. Chim.,1966,
Ce(NO3)3,10108-73-3,67.3,,,,,74.0,8.73,Ce(NO3)3·4H2O,Mironov; Popov,Rev. Roum. Chim.,1966,
Ce(NO3)3,10108-73-3,74.1,,,,,76.3,9.87,Ce(NO3)3·4H2O,Mironov; Popov,Rev. Roum. Chim.,1966,
Ce(NO3)3,10108-73-3,80.0,,,,,79.2,11.68,lower hydrate,Mironov; Popov,Rev. Roum. Chim.,1966,
Ce(NO3)3,10108-73-3,94.0,,,,,81.7,13.69,lower hydrate,Mironov; Popov,Rev. Roum. Chim.,1966,
Ce(NO3)3,10108-73-3,108.0,,,,,85.1,17.51,lower hydrate,Mironov; Popov,Rev. Roum. Chim.,1966,
Ce(NO3)3,10108-73-3,119.5,,,,,88.1,22.70,lower hydrate,Mironov; Popov,Rev. Roum. Chim.,1966,
Ce(NO3)3,10108-73-3,25,,,,,66.6,6.11,Ce(NO3)3·5H2O,Popov; Mironov,Zh. Neorg. Khim.,1971,metastable
Pr(NO3)3,10361-80-5,15.8,,,,,59.32,4.460,Pr(NO3)3·6H2O,Friend,J. Chem. Soc.,1935,
Pr(NO3)3,10361-80-5,22.0,,,,,60.18,4.623,Pr(NO3)3·6H2O,Friend,J. Chem. Soc.,1935,
Pr(NO3)3,10361-80-5,30.4,,,,,61.94,4.978,Pr(NO3)3·6H2O,Friend,J. Chem. Soc.,1935,
Pr(NO3)3,10361-80-5,43.0,,,,,65.00,5.681,Pr(NO3)3·6H2O,Friend,J. Chem. Soc.,1935,
Pr(NO3)3,10361-80-5,56.0,,,,,75.15,9.250,Pr(NO3)3·6H2O,Friend,J. Chem. Soc.,1935,melting point
Pr(NO3)3,10361-80-5,0,,,,,57.46,4.132,Pr(NO3)3·6H2O,Brunisholz; Quinche; Kalo,Helv. Chim. Acta,1964,
Pr(NO3)3,10361-80-5,10,,,,,59.29,4.455,Pr(NO3)3·6H2O,Brunisholz; Quinche; Kalo,Helv. Chim. Acta,1964,
Pr(NO3)3,10361-80-5,20,,,,,61.24,4.833,Pr(NO3)3·6H2O,Brunisholz; Quinche; Kalo,Helv. Chim. Acta,1964,
Pr(NO3)3,10361-80-5,35,,,,,64.86,5.646,Pr(NO3)3·6H2O,Brunisholz; Quinche; Kalo,Helv. Chim. Acta,1964,
Pr(NO3)3,10361-80-5,50,,,,,69.40,6.937,Pr(NO3)3·6H2O,Brunisholz; Quinche; Kalo,Helv. Chim. Acta,1964,
Pr(NO3)3,10361-80-5,-0.2,,,,,8.8,0.30,ice,Mironov; Popov,Rev. Roum. Chim.,1966,
Pr(NO3)3,10361-80-5,-0.7,,,,,15.3,0.55,ice,Mironov; Popov,Rev. Roum. Chim.,1966,
Pr(NO3)3,10361-80-5,-2.1,,,,,22.8,0.90,ice,Mironov; Popov,Rev. Roum. Chim.,1966,
Pr(NO3)3,10361-80-5,-5.4,,,,,30.0,1.31,ice,Mironov; Popov,Rev. Roum. Chim.,1966,
Pr(NO3)3,10361-80-5,-9.7,,,,,36.2,1.74,ice,Mironov; Popov,Rev. Roum. Chim.,1966,
Pr(NO3)3,10361-80-5,-12.3,,,,,39.5,2.00,ice,Mironov; Popov,Rev. Roum. Chim.,1966,
Pr(NO3)3,10361-80-5,-15.9,,,,,43.1,2.32,ice,Mironov; Popov,Rev. Roum. Chim.,1966,
Pr(NO3)3,10361-80-5,-22.9,,,,,49.8,3.03,ice,Mironov; Popov,Rev. Roum. Chim.,1966,
Pr(NO3)3,10361-80-5,-29.7,,,,,53.6,3.53,ice + Pr(NO3)3·6H2O,Mironov; Popov,Rev. Roum. Chim.,1966,
Pr(NO3)3,10361-80-5,-8.1,,,,,56.3,3.94,Pr(NO3)3·6H2O,Mironov; Popov,Rev. Roum. Chim.,1966,
Pr(NO3)3,10361-80-5,8.3,,,,,58.8,4.37,Pr(NO3)3·6H2O,Mironov; Popov,Rev. Roum. Chim.,1966,
Pr(NO3)3,10361-80-5,21.3,,,,,61.0,4.78,Pr(NO3)3·6H2O,Mironov; Popov,Rev. Roum. Chim.,1966,
Pr(NO3)3,10361-80-5,31.9,,,,,63.2,5.25,Pr(NO3)3·6H2O,Mironov; Popov,Rev. Roum. Chim.,1966,
Pr(NO3)3,10361-80-5,34.3,,,,,63.6,5.34,Pr(NO3)3·6H2O,Mironov; Popov,Rev. Roum. Chim.,1966,
Pr(NO3)3,10361-80-5,42.5,,,,,65.9,5.91,Pr(NO3)3·5H2O,Mironov; Popov,Rev. Roum. Chim.,1966,
Pr(NO3)3,10361-80-5,51.3,,,,,69.9,7.10,Pr(NO3)3·5H2O,Mironov; Popov,Rev. Roum. Chim.,1966,
Pr(NO3)3,10361-80-5,53.1,,,,,71.1,7.53,Pr(NO3)3·5H2O,Mironov; Popov,Rev. Roum. Chim.,1966,
Pr(NO3)3,10361-80-5,56.1,,,,,72.1,7.90,Pr(NO3)3·5H2O + Pr(NO3)3·4H2O,Mironov; Popov,Rev. Roum. Chim.,1966,
Pr(NO3)3,10361-80-5,64.7,,,,,72.2,7.94,Pr(NO3)3·4H2O,Mironov; Popov,Rev. Roum. Chim.,1966,
Pr(NO3)3,10361-80-5,76.4,,,,,76.1,9.74,Pr(NO3)3·4H2O,Mironov; Popov,Rev. Roum. Chim.,1966,
Pr(NO3)3,10361-80-5,77.5,,,,,78.8,11.37,Pr(NO3)3·4H2O,Mironov; Popov,Rev. Roum. Chim.,1966,
Pr(NO3)3,10361-80-5,92.8,,,,,84.0,16.06,Pr(NO3)3·3H2O,Mironov; Popov,Rev. Roum. Chim.,1966,
Pr(NO3)3,10361-80-5,127.0,,,,,85.0,17.33,Pr(NO3)3·3H2O,Mironov; Popov,Rev. Roum. Chim.,1966,
Pr(NO3)3,10361-80-5,25,,,,,,,5.0166,Pr(NO3)3·6H2O,Rard; Spedding,J. Phys. Chem.,1975,
Pr(NO3)3,10361-80-5,25,,,,,,,4.990,Pr(NO3)3·6H2O,Spedding; Derer; Mohs; Rard,J. Chem. Eng. Data,1976,
Nd(NO3)3,10045-95-1,0,,,,,55.97,3.711,α-Nd(NO3)3·6H2O,Friend,J. Chem. Soc.,1935,
Nd(NO3)3,10045-95-1,13.2,,,,,57.37,4.075,α-Nd(NO3)3·6H2O,Friend,J. Chem. Soc.,1935,
Nd(NO3)3,10045-95-1,18.2,,,,,58.03,4.187,α-Nd(NO3)3·6H2O,Friend,J. Chem. Soc.,1935,
Nd(NO3)3,10045-95-1,23.0,,,,,59.59,4.465,α-Nd(NO3)3·6H2O,Friend,J. Chem. Soc.,1935,
Nd(NO3)3,10045-95-1,26.2,,,,,60.69,4.675,α-Nd(NO3)3·6H2O,Friend,J. Chem. Soc.,1935,
Nd(NO3)3,10045-95-1,27.2,,,,,58.17,4.211,β-Nd(NO3)3·6H2O,Friend,J. Chem. Soc.,1935,
Nd(NO3)3,10045-95-1,29.4,,,,,59.18,4.390,β-Nd(NO3)3·6H2O,Friend,J. Chem. Soc.,1935,
Nd(NO3)3,10045-95-1,37.2,,,,,60.95,4.726,β-Nd(NO3)3·6H2O,Friend,J. Chem. Soc.,1935,
Nd(NO3)3,10045-95-1,42.4,,,,,61.91,4.922,β-Nd(NO3)3·6H2O,Friend,J. Chem. Soc.,1935,
Nd(NO3)3,10045-95-1,50.0,,,,,64.86,5.589,β-Nd(NO3)3·6H2O,Friend,J. Chem. Soc.,1935,
Nd(NO3)3,10045-95-1,57.2,,,,,67.00,6.148,β-Nd(NO3)3·6H2O,Friend,J. Chem. Soc.,1935,
Nd(NO3)3,10045-95-1,66.2,,,,,73.13,8.241,β-Nd(NO3)3·6H2O,Friend,J. Chem. Soc.,1935,
Nd(NO3)3,10045-95-1,67.5,,,,,75.34,9.251,β-Nd(NO3)3·6H2O,Friend,J. Chem. Soc.,1935,melting point
Nd(NO3)3,10045-95-1,0,,,,,55.71,3.809,Nd(NO3)3·6H2O,Brunisholz; Quinche; Kalo,Helv. Chim. Acta,1964,
Nd(NO3)3,10045-95-1,10,,,,,57.62,4.117,Nd(NO3)3·6H2O,Brunisholz; Quinche; Kalo,Helv. Chim. Acta,1964,
Nd(NO3)3,10045-95-1,20,,,,,59.29,4.410,Nd(NO3)3·6H2O,Brunisholz; Quinche; Kalo,Helv. Chim. Acta,1964,
Nd(NO3)3,10045-95-1,35,,,,,62.62,5.073,Nd(NO3)3·6H2O,Brunisholz; Quinche; Kalo,Helv. Chim. Acta,1964,
Nd(NO3)3,10045-95-1,50,,,,,66.29,5.954,Nd(NO3)3·6H2O,Brunisholz; Quinche; Kalo,Helv. Chim. Acta,1964,
Nd(NO3)3,10045-95-1,-1.5,,,,,16.1,0.58,ice,Popov; Mironov,Rev. Roum. Chim.,1968,
Nd(NO3)3,10045-95-1,-2.3,,,,,20.7,0.79,ice,Popov; Mironov,Rev. Roum. Chim.,1968,
Nd(NO3)3,10045-95-1,-6.3,,,,,32.8,1.48,ice,Popov; Mironov,Rev. Roum. Chim.,1968,
Nd(NO3)3,10045-95-1,-12.9,,,,,38.8,1.92,ice,Popov; Mironov,Rev. Roum. Chim.,1968,
Nd(NO3)3,10045-95-1,-21.0,,,,,45.2,2.50,ice,Popov; Mironov,Rev. Roum. Chim.,1968,
Nd(NO3)3,10045-95-1,-24.6,,,,,48.4,2.84,ice,Popov; Mironov,Rev. Roum. Chim.,1968,
Nd(NO3)3,10045-95-1,-28.7,,,,,51.5,3.22,Nd(NO3)3·6H2O,Popov; Mironov,Rev. Roum. Chim.,1968,
Nd(NO3)3,10045-95-1,-17.3,,,,,53.1,3.43,Nd(NO3)3·6H2O,Popov; Mironov,Rev. Roum. Chim.,1968,
Nd(NO3)3,10045-95-1,-3.7,,,,,55.1,3.72,Nd(NO3)3·6H2O,Popov; Mironov,Rev. Roum. Chim.,1968,
Nd(NO3)3,10045-95-1,4.3,,,,,56.6,3.95,Nd(NO3)3·6H2O,Popov; Mironov,Rev. Roum. Chim.,1968,
Nd(NO3)3,10045-95-1,22.1,,,,,60.2,4.58,Nd(NO3)3·6H2O,Popov; Mironov,Rev. Roum. Chim.,1968,
Nd(NO3)3,10045-95-1,38.9,,,,,64.3,5.45,Nd(NO3)3·6H2O,Popov; Mironov,Rev. Roum. Chim.,1968,metastable
Nd(NO3)3,10045-95-1,43.9,,,,,66.3,5.96,Nd(NO3)3·6H2O,Popov; Mironov,Rev. Roum. Chim.,1968,metastable
Nd(NO3)3,10045-95-1,55.0,,,,,71.2,7.49,Nd(NO3)3·6H2O,Popov; Mironov,Rev. Roum. Chim.,1968,metastable
Nd(NO3)3,10045-95-1,60.7,,,,,74.4,8.80,Nd(NO3)3·6H2O,Popov; Mironov,Rev. Roum. Chim.,1968,metastable
Nd(NO3)3,10045-95-1,33.7,,,,,61.3,4.80,Nd(NO3)3·5H2O,Popov; Mironov,Rev. Roum. Chim.,1968,
Nd(NO3)3,10045-95-1,43.3,,,,,63.5,5.27,Nd(NO3)3·5H2O,Popov; Mironov,Rev. Roum. Chim.,1968,
Nd(NO3)3,10045-95-1,45.4,,,,,64.7,5.55,Nd(NO3)3·5H2O,Popov; Mironov,Rev. Roum. Chim.,1968,
Nd(NO3)3,10045-95-1,50.8,,,,,66.2,5.93,Nd(NO3)3·5H2O,Popov; Mironov,Rev. Roum. Chim.,1968,
Nd(NO3)3,10045-95-1,55.6,,,,,68.6,6.62,Nd(NO3)3·5H2O,Popov; Mironov,Rev. Roum. Chim.,1968,
Nd(NO3)3,10045-95-1,63.0,,,,,72.7,8.06,Nd(NO3)3·5H2O,Popov; Mironov,Rev. Roum. Chim.,1968,
Nd(NO3)3,10045-95-1,63.0,,,,,72.6,8.02,Nd(NO3)3·5H2O,Popov; Mironov,Rev. Roum. Chim.,1968,
Nd(NO3)3,10045-95-1,68.9,,,,,76.4,9.80,Nd(NO3)3·5H2O,Popov; Mironov,Rev. Roum. Chim.,1968,
Nd(NO3)3,10045-95-1,85.6,,,,,80.9,12.83,lower hydrate,Popov; Mironov,Rev. Roum. Chim.,1968,
Nd(NO3)3,10045-95-1,121.8,,,,,84.7,16.76,lower hydrate,Popov; Mironov,Rev. Roum. Chim.,1968,
Nd(NO3)3,10045-95-1,25,,,,,,,4.6184,Nd(NO3)3·6H2O,Spedding; Shiers; Rard,J. Chem. Eng. Data,1975,
Sm(NO3)3,10361-83-8,0,,,,,54.74,3.596,Sm(NO3)3·6H2O,Brunisholz; Quinche; Kalo,Helv. Chim. Acta,1964,
Sm(NO3)3,10361-83-8,10,,,,,56.50,3.861,Sm(NO3)3·6H2O,Brunisholz; Quinche; Kalo,Helv. Chim. Acta,1964,
Sm(NO3)3,10361-83-8,20,,,,,58.04,4.112,Sm(NO3)3·6H2O,Brunisholz; Quinche; Kalo,Helv. Chim. Acta,1964,
Sm(NO3)3,10361-83-8,35,,,,,61.20,4.689,Sm(NO3)3·6H2O,Brunisholz; Quinche; Kalo,Helv. Chim. Acta,1964,
Sm(NO3)3,10361-83-8,50,,,,,64.68,5.444,Sm(NO3)3·6H2O,Brunisholz; Quinche; Kalo,Helv. Chim. Acta,1964,
Sm(NO3)3,10361-83-8,-2.1,,,,,19.2,0.71,ice,Popov; Mironov,Rev. Roum. Chim.,1968,
Sm(NO3)3,10361-83-8,-3.9,,,,,25.1,1.00,ice,Popov; Mironov,Rev. Roum. Chim.,1968,
Sm(NO3)3,10361-83-8,-8.5,,,,,33.7,1.51,ice,Popov; Mironov,Rev. Roum. Chim.,1968,
Sm(NO3)3,10361-83-8,-11.9,,,,,38.0,1.82,ice,Popov; Mironov,Rev. Roum. Chim.,1968,
Sm(NO3)3,10361-83-8,-15.9,,,,,42.5,2.20,ice,Popov; Mironov,Rev. Roum. Chim.,1968,
Sm(NO3)3,10361-83-8,-20.3,,,,,46.5,2.58,ice,Popov; Mironov,Rev. Roum. Chim.,1968,
Sm(NO3)3,10361-83-8,-26.5,,,,,49.9,2.96,ice,Popov; Mironov,Rev. Roum. Chim.,1968,
Sm(NO3)3,10361-83-8,-33.5,,,,,52.9,3.34,ice,Popov; Mironov,Rev. Roum. Chim.,1968,
Sm(NO3)3,10361-83-8,-30.0,,,,,51.9,3.21,Sm(NO3)3·6H2O,Popov; Mironov,Rev. Roum. Chim.,1968,
Sm(NO3)3,10361-83-8,-4.8,,,,,54.1,3.50,Sm(NO3)3·6H2O,Popov; Mironov,Rev. Roum. Chim.,1968,
Sm(NO3)3,10361-83-8,13.8,,,,,56.4,3.85,Sm(NO3)3·6H2O,Popov; Mironov,Rev. Roum. Chim.,1968,
Sm(NO3)3,10361-83-8,30.3,,,,,60.2,4.50,Sm(NO3)3·6H2O,Popov; Mironov,Rev. Roum. Chim.,1968,
Sm(NO3)3,10361-83-8,41.4,,,,,63.4,5.15,Sm(NO3)3·6H2O,Popov; Mironov,Rev. Roum. Chim.,1968,
Sm(NO3)3,10361-83-8,63.8,,,,,71.4,7.42,Sm(NO3)3·6H2O,Popov; Mironov,Rev. Roum. Chim.,1968,metastable
Sm(NO3)3,10361-83-8,71.2,,,,,75.0,8.92,Sm(NO3)3·6H2O,Popov; Mironov,Rev. Roum. Chim.,1968,metastable
Sm(NO3)3,10361-83-8,73.0,,,,,76.2,9.52,Sm(NO3)3·6H2O,Popov; Mironov,Rev. Roum. Chim.,1968,metastable
Sm(NO3)3,10361-83-8,-36.7,,,,,54.4,3.55,Sm(NO3)3·5H2O,Popov; Mironov,Rev. Roum. Chim.,1968,
Sm(NO3)3,10361-83-8,53.8,,,,,67.0,6.04,Sm(NO3)3·5H2O,Popov; Mironov,Rev. Roum. Chim.,1968,
Sm(NO3)3,10361-83-8,65.8,,,,,69.1,6.65,Sm(NO3)3·5H2O,Popov; Mironov,Rev. Roum. Chim.,1968,
Sm(NO3)3,10361-83-8,76.9,,,,,73.4,8.20,Sm(NO3)3·5H2O,Popov; Mironov,Rev. Roum. Chim.,1968,
Sm(NO3)3,10361-83-8,83.6,,,,,75.8,9.31,Sm(NO3)3·5H2O,Popov; Mironov,Rev. Roum. Chim.,1968,
Sm(NO3)3,10361-83-8,82.8,,,,,76.8,9.84,Sm(NO3)3·5H2O,Popov; Mironov,Rev. Roum. Chim.,1968,
Sm(NO3)3,10361-83-8,88.4,,,,,79.9,11.82,Sm(NO3)3·5H2O,Popov; Mironov,Rev. Roum. Chim.,1968,
Sm(NO3)3,10361-83-8,86.4,,,,,83.3,14.83,Sm(NO3)3·5H2O,Popov; Mironov,Rev. Roum. Chim.,1968,
Sm(NO3)3,10361-83-8,86.9,,,,,83.4,14.94,lower hydrate,Popov; Mironov,Rev. Roum. Chim.,1968,
Sm(NO3)3,10361-83-8,135.0,,,,,86.3,18.73,lower hydrate,Popov; Mironov,Rev. Roum. Chim.,1968,
Sm(NO3)3,10361-83-8,25,,,,,,,4.2811,Sm(NO3)3·6H2O,Spedding; Shiers; Rard,J. Chem. Eng. Data,1975,
Eu(NO3)3,10138-01-9,0,,,,,0.0,,ice,Mironov; Popov; Vorob'eva; Grankina,Zh. Neorg. Khim.,1971,
Eu(NO3)3,10138-01-9,-1.2,,,,,10.3,0.34,ice,Mironov; Popov; Vorob'eva; Grankina,Zh. Neorg. Khim.,1971,
Eu(NO3)3,10138-01-9,-0.7,,,,,15.3,0.55,ice,Mironov; Popov; Vorob'eva; Grankina,Zh. Neorg. Khim.,1971,
Eu(NO3)3,10138-01-9,-2.1,,,,,22.8,0.90,ice,Mironov; Popov; Vorob'eva; Grankina,Zh. Neorg. Khim.,1971,
Eu(NO3)3,10138-01-9,-2.8,,,,,14.6,0.51,ice,Mironov; Popov; Vorob'eva; Grankina,Zh. Neorg. Khim.,1971,
Eu(NO3)3,10138-01-9,-5.4,,,,,30.0,1.31,ice,Mironov; Popov; Vorob'eva; Grankina,Zh. Neorg. Khim.,1971,
Eu(NO3)3,10138-01-9,-9.7,,,,,36.2,1.74,ice,Mironov; Popov; Vorob'eva; Grankina,Zh. Neorg. Khim.,1971,
Eu(NO3)3,10138-01-9,-11.4,,,,,35.1,1.60,ice,Mironov; Popov; Vorob'eva; Grankina,Zh. Neorg. Khim.,1971,
Eu(NO3)3,10138-01-9,-12.3,,,,,39.5,2.00,ice,Mironov; Popov; Vorob'eva; Grankina,Zh. Neorg. Khim.,1971,
Eu(NO3)3,10138-01-9,-18.1,,,,,39.7,1.95,ice,Mironov; Popov; Vorob'eva; Grankina,Zh. Neorg. Khim.,1971,
Eu(NO3)3,10138-01-9,-15.9,,,,,43.1,2.32,ice,Mironov; Popov; Vorob'eva; Grankina,Zh. Neorg. Khim.,1971,
Eu(NO3)3,10138-01-9,-22.0,,,,,44.1,2.33,ice,Mironov; Popov; Vorob'eva; Grankina,Zh. Neorg. Khim.,1971,
Eu(NO3)3,10138-01-9,-25.8,,,,,47.0,2.62,ice,Mironov; Popov; Vorob'eva; Grankina,Zh. Neorg. Khim.,1971,
Eu(NO3)3,10138-01-9,-28.1,,,,,48.6,2.80,ice,Mironov; Popov; Vorob'eva; Grankina,Zh. Neorg. Khim.,1971,
Eu(NO3)3,10138-01-9,-22.9,,,,,49.8,3.03,ice,Mironov; Popov; Vorob'eva; Grankina,Zh. Neorg. Khim.,1971,
Eu(NO3)3,10138-01-9,-29.7,,,,,53.6,3.53,ice + Eu(NO3)3·6H2O,Mironov; Popov; Vorob'eva; Grankina,Zh. Neorg. Khim.,1971,
Eu(NO3)3,10138-01-9,-31.6,,,,,50.3,2.99,Eu(NO3)3·6H2O,Mironov; Popov; Vorob'eva; Grankina,Zh. Neorg. Khim.,1971,
Eu(NO3)3,10138-01-9,-32.1,,,,,52.2,3.23,Eu(NO3)3·6H2O,Mironov; Popov; Vorob'eva; Grankina,Zh. Neorg. Khim.,1971,
Eu(NO3)3,10138-01-9,-20.5,,,,,53.5,3.40,Eu(NO3)3·6H2O,Mironov; Popov; Vorob'eva; Grankina,Zh. Neorg. Khim.,1971,
Eu(NO3)3,10138-01-9,-1.8,,,,,54.7,3.57,Eu(NO3)3·6H2O,Mironov; Popov; Vorob'eva; Grankina,Zh. Neorg. Khim.,1971,
Eu(NO3)3,10138-01-9,15.4,,,,,57.0,3.92,Eu(NO3)3·6H2O,Mironov; Popov; Vorob'eva; Grankina,Zh. Neorg. Khim.,1971,
Eu(NO3)3,10138-01-9,26.2,,,,,58.4,4.15,Eu(NO3)3·6H2O,Mironov; Popov; Vorob'eva; Grankina,Zh. Neorg. Khim.,1971,
Eu(NO3)3,10138-01-9,30.5,,,,,60.6,4.55,Eu(NO3)3·5H2O,Mironov; Popov; Vorob'eva; Grankina,Zh. Neorg. Khim.,1971,
Eu(NO3)3,10138-01-9,37.0,,,,,60.8,4.59,Eu(NO3)3·5H2O,Mironov; Popov; Vorob'eva; Grankina,Zh. Neorg. Khim.,1971,
Eu(NO3)3,10138-01-9,45.1,,,,,62.1,4.85,Eu(NO3)3·5H2O,Mironov; Popov; Vorob'eva; Grankina,Zh. Neorg. Khim.,1971,
Eu(NO3)3,10138-01-9,38.1,,,,,62.7,4.97,Eu(NO3)3·5H2O,Mironov; Popov; Vorob'eva; Grankina,Zh. Neorg. Khim.,1971,
Eu(NO3)3,10138-01-9,47.1,,,,,64.8,5.45,Eu(NO3)3·5H2O,Mironov; Popov; Vorob'eva; Grankina,Zh. Neorg. Khim.,1971,
Eu(NO3)3,10138-01-9,53.5,,,,,65.4,5.59,Eu(NO3)3·5H2O,Mironov; Popov; Vorob'eva; Grankina,Zh. Neorg. Khim.,1971,
Eu(NO3)3,10138-01-9,56.8,,,,,66.5,5.87,Eu(NO3)3·5H2O,Mironov; Popov; Vorob'eva; Grankina,Zh. Neorg. Khim.,1971,
Eu(NO3)3,10138-01-9,54.7,,,,,67.1,6.03,Eu(NO3)3·5H2O,Mironov; Popov; Vorob'eva; Grankina,Zh. Neorg. Khim.,1971,
Eu(NO3)3,10138-01-9,56.1,,,,,72.1,7.90,Eu(NO3)3·5H2O + Eu(NO3)3·4H2O,Mironov; Popov; Vorob'eva; Grankina,Zh. Neorg. Khim.,1971,
Eu(NO3)3,10138-01-9,59.0,,,,,67.5,6.15,Eu(NO3)3·4H2O,Mironov; Popov; Vorob'eva; Grankina,Zh. Neorg. Khim.,1971,
Eu(NO3)3,10138-01-9,73.0,,,,,70.6,7.11,Eu(NO3)3·4H2O,Mironov; Popov; Vorob'eva; Grankina,Zh. Neorg. Khim.,1971,
Eu(NO3)3,10138-01-9,74.0,,,,,71.4,7.39,Eu(NO3)3·4H2O,Mironov; Popov; Vorob'eva; Grankina,Zh. Neorg. Khim.,1971,
Eu(NO3)3,10138-01-9,77.4,,,,,73.2,8.08,Eu(NO3)3·4H2O,Mironov; Popov; Vorob'eva; Grankina,Zh. Neorg. Khim.,1971,
Eu(NO3)3,10138-01-9,87.0,,,,,75.8,9.27,Eu(NO3)3·4H2O,Mironov; Popov; Vorob'eva; Grankina,Zh. Neorg. Khim.,1971,
Eu(NO3)3,10138-01-9,77.5,,,,,78.6,10.87,Eu(NO3)3·4H2O,Mironov; Popov; Vorob'eva; Grankina,Zh. Neorg. Khim.,1971,
Eu(NO3)3,10138-01-9,89.2,,,,,83.7,15.19,Eu(NO3)3·3H2O,Mironov; Popov; Vorob'eva; Grankina,Zh. Neorg. Khim.,1971,
Gd(NO3)3,10168-81-7,0,,,,,56.34,3.759,Gd(NO3)3·6H2O,Moret,Thèse Univ. Lausanne,1963,
Gd(NO3)3,10168-81-7,10,,,,,57.89,4.005,Gd(NO3)3·6H2O,Moret,Thèse Univ. Lausanne,1963,
Gd(NO3)3,10168-81-7,20,,,,,59.60,4.298,Gd(NO3)3·6H2O,Moret,Thèse Univ. Lausanne,1963,
Gd(NO3)3,10168-81-7,40,,,,,63.44,5.055,Gd(NO3)3·6H2O,Moret,Thèse Univ. Lausanne,1963,
Gd(NO3)3,10168-81-7,50,,,,,65.23,5.465,Gd(NO3)3·6H2O,Moret,Thèse Univ. Lausanne,1963,
Gd(NO3)3,10168-81-7,25,,,,,,,4.3766,Gd(NO3)3·6H2O,Spedding; Shiers; Rard,J. Chem. Eng. Data,1975,
Tb(NO3)3,10043-27-3,25,,,,,,,4.5395,Tb(NO3)3·6H2O,Spedding; Shiers; Rard,J. Chem. Eng. Data,1975,
Tb(NO3)3,10043-27-3,25,,,,,,,4.5395,Tb(NO3)3·6H2O,Rard; Spedding,J. Phys. Chem.,1975,
Tb(NO3)3,10043-27-3,25,,,,,,,4.5320,Tb(NO3)3·6H2O,Rard; Shiers; Heiser; Spedding,J. Chem. Eng. Data,1977,
Dy(NO3)3,10143-38-1,0,,,,,58.80,4.095,Dy(NO3)3·6H2O,Moret,Thèse Univ. Lausanne,1963,
Dy(NO3)3,10143-38-1,10,,,,,60.03,4.309,Dy(NO3)3·6H2O,Moret,Thèse Univ. Lausanne,1963,
Dy(NO3)3,10143-38-1,20,,,,,61.73,4.628,Dy(NO3)3·6H2O,Moret,Thèse Univ. Lausanne,1963,
Dy(NO3)3,10143-38-1,40,,,,,65.76,5.510,Dy(NO3)3·6H2O,Moret,Thèse Univ. Lausanne,1963,
Dy(NO3)3,10143-38-1,50,,,,,67.88,6.064,Dy(NO3)3·6H2O,Moret,Thèse Univ. Lausanne,1963,
Dy(NO3)3,10143-38-1,25,,,,,,,4.7382,Dy(NO3)3·6H2O,Spedding; Shiers; Rard,J. Chem. Eng. Data,1975,
Ho(NO3)3,10168-82-8,25,,,,,,,5.0184,Ho(NO3)3·6H2O,Spedding; Shiers; Rard,J. Chem. Eng. Data,1975,
Ho(NO3)3,10168-82-8,25,,,,,,,5.0183,Ho(NO3)3·6H2O,Rard; Spedding,J. Phys. Chem.,1975,
Er(NO3)3,10168-80-6,0,,,,,61.59,4.539,Er(NO3)3·5H2O,Moret,Thèse Univ. Lausanne,1963,
Er(NO3)3,10168-80-6,10,,,,,63.10,4.841,Er(NO3)3·5H2O,Moret,Thèse Univ. Lausanne,1963,
Er(NO3)3,10168-80-6,20,,,,,64.91,5.236,Er(NO3)3·5H2O,Moret,Thèse Univ. Lausanne,1963,
Er(NO3)3,10168-80-6,40,,,,,68.64,6.196,Er(NO3)3·5H2O,Moret,Thèse Univ. Lausanne,1963,
Er(NO3)3,10168-80-6,50,,,,,70.99,6.927,Er(NO3)3·5H2O,Moret,Thèse Univ. Lausanne,1963,
Er(NO3)3,10168-80-6,25,,,,,,,5.4348,Er(NO3)3·6H2O,Spedding; Shiers; Rard,J. Chem. Eng. Data,1975,
Tm(NO3)3,14985-19-4,25,,,,,,,5.9526,Tm(NO3)3·6H2O,Rard; Shiers; Heiser; Spedding,J. Chem. Eng. Data,1977,
Tm(NO3)3,14985-19-4,25,,,,,,,5.9483,Tm(NO3)3·6H2O,Rard; Spedding,J. Phys. Chem.,1975,
Yb(NO3)3,13768-67-7,0,,,,,65.76,5.349,Yb(NO3)3·5H2O,Moret,Thèse Univ. Lausanne,1963,
Yb(NO3)3,13768-67-7,10,,,,,67.51,5.787,Yb(NO3)3·5H2O,Moret,Thèse Univ. Lausanne,1963,
Yb(NO3)3,13768-67-7,15,,,,,68.28,5.995,Yb(NO3)3·5H2O,Moret,Thèse Univ. Lausanne,1963,
Yb(NO3)3,13768-67-7,20,,,,,69.50,6.346,Yb(NO3)3·5H2O,Moret,Thèse Univ. Lausanne,1963,
Yb(NO3)3,13768-67-7,40,,,,,73.91,7.890,Yb(NO3)3·5H2O,Moret,Thèse Univ. Lausanne,1963,
Yb(NO3)3,13768-67-7,25,,,,,,,6.6500,Yb(NO3)3·6H2O,Spedding; Shiers; Rard,J. Chem. Eng. Data,1975,
Lu(NO3)3,10099-67-9,25,,,,,,,6.8219,Lu(NO3)3·5H2O,Spedding; Shiers; Rard,J. Chem. Eng. Data,1975,
